name,nit
FONDO EMPLEADOS LAS AMERICAS,900215395
SUPER CARNES JH,900324132
AVANTI FOOD,901532169
INDUSTRIAS BO,901613764
BIOPRODUCTOS,900164370
INVENTEX,901154054
PARROQUIA SAN MIGUEL FEBRES CORDERO,890985816
PPT COMUNICACIONES,900260611
FERRELECTRICOS,901218867
SUPERMARK,900324648
CREA CASA,900935559
304 METALES,901651253
DELIGHT,901440794
KREDICEL SAS,901756346
SUPERMERCADO JUAN XXIII,43645030
ASESORIAS CONTABLES,71791355
LOS PORTEÑOS,901374637
SURTIEXPRESS,901087018
SUPERMERCADO EL AMARILLO,901961925
SANTA MARTA,94389415
CASA MEDINA,900203336
LUIS FERNANDO ACOSTA (MERCA ACOSTA),71578382
INDUALPES,900021825
PARAPLASTICOS,811010705
LA COSECHA,900692372
MAR SAS (LADRILLERA LOS CEDROS),811004022
LOS POMOS,890980389
SAMUEL MUNERA (YULIYES),98648496
JAULA DEL ANGEL,900291526
DELLA NONNA,901774397
MEPER,900766279
VERVANTIS,901662905
COMERCIALIZADORA ATR,811025549
INVERSIONES YNNAF,901702364
INSTITUCION EDUCATIVA SITIO NUEVO,900254492
ALCO,
PODER NATURAL,
COOTRANSCOL,
SUPERMERCADO ALGI,
FELIPE FINCA LLANO GRANDE,
MEDECARNES,
HOSPITAL SAN VICENTE FUNDACION,
GRUPO CARVACARO,
INSTITUCION EDUCATIVA LUIS FERNANDO GONZALES BOTERO,
LAS PAPAS DE LILI,
KAIOWA,
PARQUEADERO EL SALVADOR,
EL DESCUENTO,
ASOMOCAGP,
LA TIENDA DE OKY,
LICORERA BOMBAY,
URBANIZACION NEBRASKA,
EDIFICIO SAN JOAQUIN RIONEGRO,
ESTADERO VILLA ROSA,
MADEARTE,
SUPER REMATES,
